Month-Day,PRCP_mean,TMAX_mean,TMIN_mean,PRCP_std,TMAX_std,TMIN_std,PRCP_odds
01-01,0.1301526717557252,35.75,20.810606060606062,0.2748089818620155,9.716889364981869,10.426136107576164,0.45038167938931295
01-02,0.13906976744186048,35.45454545454545,20.83969465648855,0.32566864357345915,10.101291306132756,10.458575277212718,0.3798449612403101
01-03,0.15868217054263564,35.09090909090909,20.734848484848484,0.3242500478145716,9.760063935354461,9.931720981595147,0.43410852713178294
01-04,0.17519379844961241,34.416666666666664,20.492424242424242,0.3820649093560416,11.292124977788502,11.548435148691354,0.43410852713178294
01-05,0.09713178294573643,34.54545454545455,19.09090909090909,0.2519771622788017,9.899775335845163,11.29578354452679,0.3333333333333333
01-06,0.1362015503875969,34.74242424242424,20.204545454545453,0.2966984838351513,10.433080983631386,10.30951434604721,0.4108527131782946
01-07,0.20623076923076922,35.53030303030303,20.87121212121212,0.3542439604877399,10.762132790369575,10.212554243106938,0.5076923076923077
01-08,0.1482170542635659,33.31060606060606,18.916666666666668,0.3371744949123225,10.467056700226884,10.593128744159147,0.43410852713178294
01-09,0.14267175572519086,32.717557251908396,18.083333333333332,0.39371372736952087,9.897377126647324,10.42387282548736,0.40458015267175573
01-10,0.1586923076923077,33.18181818181818,18.689393939393938,0.4301800388579678,9.940140062154022,10.006206147284185,0.3923076923076923
01-11,0.11807692307692308,33.34090909090909,17.825757575757574,0.2748166299252693,10.98634096125108,11.123523119824512,0.3076923076923077
01-12,0.15715384615384614,34.17424242424242,18.204545454545453,0.3113019288031562,10.413948523455398,10.68260956508547,0.47692307692307695
01-13,0.16915384615384615,33.81060606060606,19.553030303030305,0.38212996412374733,10.913352404215166,10.963029052882323,0.4307692307692308
01-14,0.1197674418604651,34.371212121212125,18.389312977099237,0.2389216173647459,11.383934912501289,10.93306383906104,0.3953488372093023
01-15,0.17099236641221374,33.29545454545455,18.435114503816795,0.4069338539366583,11.55784564592456,11.439539552757171,0.46564885496183206
01-16,0.12305343511450383,32.666666666666664,17.412213740458014,0.2749066782348316,11.20432486472524,11.671708219192405,0.4198473282442748
01-17,0.11511450381679389,33.06818181818182,16.583333333333332,0.26261222190848893,9.962673222468064,11.419176095375754,0.3969465648854962
01-18,0.12162790697674418,33.553030303030305,16.96946564885496,0.2667536044088557,11.736492573283503,12.406536075979474,0.4186046511627907
01-19,0.12992248062015505,33.06818181818182,17.242424242424242,0.30776537361080497,12.722039049814711,12.706385491009055,0.3875968992248062
01-20,0.13815384615384615,33.74242424242424,18.37121212121212,0.31766782078916544,10.127900554937607,10.989519853530894,0.4230769230769231
01-21,0.13176923076923075,34.27272727272727,18.477272727272727,0.3367087978502957,10.165869336925088,9.859676464576346,0.34615384615384615
01-22,0.11053846153846154,34.35606060606061,18.78787878787879,0.22770616023390217,10.966383453176364,11.23722705127868,0.36923076923076925
01-23,0.12374045801526719,35.34848484848485,18.666666666666668,0.30803680069324035,10.207006161751261,11.05825425993424,0.4122137404580153
01-24,0.18854961832061068,34.67424242424242,18.856060606060606,0.4081027814305996,11.608430874180588,11.088218474708361,0.4198473282442748
01-25,0.2443076923076923,34.65151515151515,18.757575757575758,0.44807415371475234,11.738879648276288,11.405182438023454,0.45384615384615384
01-26,0.116,34.34848484848485,18.234848484848484,0.28648524996867186,10.887337591174262,10.758174487220339,0.36153846153846153
01-27,0.126328125,33.43181818181818,17.424242424242426,0.3076271162744319,11.075172138181596,11.342092925945453,0.4609375
01-28,0.11472868217054265,32.34848484848485,16.863636363636363,0.290334068142254,10.580830173121603,10.582119967747358,0.4263565891472868
01-29,0.10946564885496184,31.75,16.757575757575758,0.2595004460559357,9.535290017885707,10.032102069894517,0.3816793893129771
01-30,0.10392307692307692,32.77272727272727,16.75,0.23673979486153005,10.245528467283034,10.510899468341794,0.3923076923076923
01-31,0.09553846153846154,32.09848484848485,16.136363636363637,0.19670566505386028,9.775229521121657,10.26650429016818,0.4
02-01,0.09561538461538462,32.51908396946565,16.709923664122137,0.2425063056677302,10.402182570564525,10.050249556502274,0.34615384615384615
02-02,0.16115384615384615,33.74809160305343,17.450381679389313,0.36135969457185096,10.247208634137607,9.780839778683482,0.4
02-03,0.1350387596899225,32.725190839694655,16.83969465648855,0.35037730562701924,9.738941211694344,9.995242555946401,0.4186046511627907
02-04,0.16346153846153846,32.6793893129771,17.068702290076335,0.34368886131640003,10.020185147661865,10.287550982914818,0.4846153846153846
02-05,0.13282442748091602,32.45038167938932,17.00763358778626,0.28853016055961,10.30624436592318,10.279551159915728,0.3893129770992366
02-06,0.13023255813953488,32.6793893129771,16.801526717557252,0.32147478788263634,10.19974899809758,10.18779046576247,0.3643410852713178
02-07,0.17623076923076922,33.41984732824427,18.61832061068702,0.3797515821720752,8.736267640371622,9.9285586646782,0.3923076923076923
02-08,0.14091603053435114,34.01526717557252,18.419847328244273,0.2840001364617208,8.811692173840939,9.3668434864467,0.37404580152671757
02-09,0.12381679389312976,33.0763358778626,17.083969465648856,0.3528138712066119,9.587346083899972,10.267977231657154,0.37404580152671757
02-10,0.11153846153846154,33.29007633587786,17.557251908396946,0.2802586334263726,9.466124663661164,10.293508264430558,0.36153846153846153
02-11,0.09723076923076923,34.282442748091604,18.404580152671755,0.20651037620425725,10.396208487239885,10.652394910177351,0.3769230769230769
02-12,0.14054263565891473,33.152671755725194,16.61832061068702,0.352467441044026,10.178766195779819,10.56806365734276,0.34108527131782945
02-13,0.14161538461538462,34.11450381679389,17.00763358778626,0.3291563183838667,10.895758681794874,10.71267845786629,0.3923076923076923
02-14,0.15786259541984732,34.908396946564885,18.244274809160306,0.38836938727807896,9.389396950963349,10.21318273533953,0.4122137404580153
02-15,0.1951908396946565,36.152671755725194,19.068702290076335,0.38247845820695114,9.691767547327315,10.557673723734831,0.3816793893129771
02-16,0.131,35.80152671755725,18.34351145038168,0.32533786850314633,10.461224996167248,11.013817190843936,0.3384615384615385
02-17,0.13131782945736434,34.87022900763359,18.770992366412212,0.3206033858332627,10.176441078494737,10.973089380210801,0.3798449612403101
02-18,0.15441860465116278,35.87022900763359,20.206106870229007,0.38535678877004736,9.815526904282343,10.275974636352135,0.3798449612403101
02-19,0.1656589147286822,36.656488549618324,20.244274809160306,0.37543484155301565,10.302927882863358,9.788605308884907,0.4186046511627907
02-20,0.1656589147286822,37.70992366412214,20.793893129770993,0.3611847799284156,10.479642205884643,10.448936314839315,0.3953488372093023
02-21,0.09679389312977099,37.31297709923664,21.083969465648856,0.2891799205061751,11.355841580075833,11.194805229307809,0.2900763358778626
02-22,0.12653846153846154,38.213740458015266,21.564885496183205,0.26109700457122137,10.434416156006778,10.00469062039726,0.34615384615384615
02-23,0.12480916030534352,37.396946564885496,22.27480916030534,0.2775617773093689,9.985126931370692,10.085826639485811,0.4732824427480916
02-24,0.16953846153846153,37.50381679389313,21.442748091603054,0.4742972958660337,10.314570758660203,10.639664761450618,0.35384615384615387
02-25,0.1896153846153846,37.88549618320611,21.236641221374047,0.43406926865885925,10.72856806086086,10.523111605537375,0.3769230769230769
02-26,0.19473282442748094,36.87786259541985,20.641221374045802,0.3910367447701339,10.06518974620591,9.968464662501423,0.42748091603053434
02-27,0.07661538461538463,36.74809160305343,21.328244274809162,0.17454505136289963,10.013332275176067,9.916918525810479,0.36153846153846153
02-28,0.13123076923076923,37.50381679389313,21.68702290076336,0.28855430986833275,9.335930628739638,9.410373956000857,0.43846153846153846
02-29,0.068125,37.40625,21.125,0.15474093855381685,10.401176654900715,9.451915661780916,0.28125
03-01,0.18159090909090908,38.09090909090909,22.50381679389313,0.37858480862457317,9.424229407787342,9.385237217445054,0.3560606060606061
03-02,0.13613636363636364,39.34848484848485,23.598484848484848,0.28670714831793015,9.039341366674902,8.208039113194948,0.42424242424242425
03-03,0.19143939393939394,38.59848484848485,23.522727272727273,0.43525044571756594,8.935613494690013,8.509954574282387,0.4393939393939394
03-04,0.14181818181818182,38.984848484848484,23.196969696969695,0.3178669801528277,9.969407287108758,9.389322662479088,0.45454545454545453
03-05,0.1450381679389313,39.20454545454545,23.53030303030303,0.30406065701992246,9.356174135206109,9.215353429943388,0.4732824427480916
03-06,0.14651515151515151,39.86363636363637,23.96969696969697,0.34303981218770857,8.971347714011008,9.03845845292114,0.42424242424242425
03-07,0.17015267175572518,40.06060606060606,24.386363636363637,0.35296760525321785,9.86918836679084,9.381358588498568,0.4732824427480916
03-08,0.1756818181818182,39.78030303030303,24.5,0.3846207474403252,9.515206306355626,8.933597276872483,0.4090909090909091
03-09,0.18765151515151515,41.11363636363637,24.674242424242426,0.43706491534632974,9.612053285084762,8.514465654161532,0.4090909090909091
03-10,0.10575757575757576,40.78787878787879,24.53030303030303,0.30213773011233963,10.28823555746848,9.004188502829924,0.36363636363636365
03-11,0.09946969696969697,41.59090909090909,24.84090909090909,0.26083926317201794,10.383453179487244,8.587074918492013,0.3939393939393939
03-12,0.13553030303030303,42.43181818181818,26.484848484848484,0.3150652771184235,10.219867779591798,8.5921008001579,0.4166666666666667
03-13,0.1809848484848485,43.56818181818182,27.007575757575758,0.3998852122481975,10.211648177500091,8.79407869150515,0.42424242424242425
03-14,0.22389312977099238,42.5,27.454545454545453,0.5608435576729095,9.83412038080286,8.24006562299115,0.4580152671755725
03-15,0.1850381679389313,42.59848484848485,26.757575757575758,0.4412523681275334,10.088811616052515,8.16258566663832,0.42748091603053434
03-16,0.12954545454545455,43.25954198473283,26.303030303030305,0.3150375323244426,9.81959405886598,8.012337236978652,0.36363636363636365
03-17,0.17659090909090908,42.86363636363637,26.37121212121212,0.4178239330156829,9.853718426492168,8.21876952866718,0.4090909090909091
03-18,0.13924242424242422,42.82575757575758,25.825757575757574,0.5365092448313432,10.52840303246719,8.730482015077461,0.3409090909090909
03-19,0.1329770992366412,43.72727272727273,26.575757575757574,0.2971937846344822,10.748400135941347,8.640505721099567,0.4351145038167939
03-20,0.15580152671755726,44.765151515151516,28.09090909090909,0.29573885101158287,10.959230379512013,7.636247975066723,0.42748091603053434
03-21,0.14740458015267174,44.70454545454545,28.46212121212121,0.34176822507536975,9.9200919076354,7.737492051845421,0.42748091603053434
03-22,0.14748091603053434,44.97727272727273,28.825757575757574,0.3398582136748079,9.670499650874877,7.275910490618986,0.42748091603053434
03-23,0.1099236641221374,45.81060606060606,28.46564885496183,0.3395528647709562,10.313507466963316,7.934634604474101,0.3053435114503817
03-24,0.11977272727272728,47.265151515151516,29.007575757575758,0.3675615250136606,9.92172406257171,7.3083620538563565,0.3484848484848485
03-25,0.08643939393939394,47.59848484848485,30.151515151515152,0.23975538607887079,9.398602988998253,7.60221427012742,0.3560606060606061
03-26,0.10037878787878787,49.128787878787875,30.931818181818183,0.2716598830628018,9.925989713977614,7.196471974705408,0.3712121212121212
03-27,0.09923664122137404,48.86363636363637,31.507575757575758,0.2158190777929538,10.503196697881686,7.656256446885548,0.35877862595419846
03-28,0.1117557251908397,49.60606060606061,31.113636363636363,0.2815137130586128,10.664743638822035,8.168686933522686,0.366412213740458
03-29,0.2077272727272727,49.21969696969697,31.40909090909091,0.4842663309074052,11.544348205073804,8.634171897645114,0.4166666666666667
03-30,0.1852671755725191,48.49242424242424,32.18181818181818,0.4480476077799611,10.701712934247555,7.403133421412815,0.42748091603053434
03-31,0.15923664122137404,49.121212121212125,32.68939393939394,0.43687283543315103,9.874038983505729,6.942657800857705,0.40458015267175573
04-01,0.22628787878787876,50.18939393939394,32.67424242424242,0.480839604913615,9.598928515075015,6.577194246373016,0.4090909090909091
04-02,0.1682442748091603,49.31818181818182,32.803030303030305,0.3665105327818656,9.544046689079588,6.1933717264981105,0.4732824427480916
04-03,0.1531060606060606,49.56060606060606,32.25757575757576,0.38460077958533195,9.008272343921062,5.802896370945022,0.3712121212121212
04-04,0.1353076923076923,50.03030303030303,32.595419847328245,0.3058225367290277,9.026626764587439,6.776405475510311,0.46923076923076923
04-05,0.17076335877862597,51.31060606060606,32.98473282442748,0.368789325560127,9.729260640304888,6.398298731603374,0.4198473282442748
04-06,0.1459230769230769,51.53030303030303,33.765151515151516,0.3326443177013343,9.874355245307166,6.420220738262272,0.4153846153846154
04-07,0.13076335877862594,51.53030303030303,34.31818181818182,0.29443196503047825,11.059477917870653,6.335792161824347,0.4198473282442748
04-08,0.15931297709923664,50.79545454545455,34.25757575757576,0.30826360058509045,10.100818979994665,6.269544965799867,0.4580152671755725
04-09,0.16541984732824427,50.79545454545455,33.96212121212121,0.32919542837741816,10.440480990034017,6.727413784618148,0.44274809160305345
04-10,0.1609090909090909,52.06818181818182,33.84848484848485,0.5189338079331132,9.574292218129765,6.0487647448632,0.4166666666666667
04-11,0.06792307692307692,52.5,34.31818181818182,0.19040835820462315,9.521770955941154,6.233764478206028,0.3384615384615385
04-12,0.139,53.34848484848485,35.515151515151516,0.3261826425165351,9.50290019891866,6.043714605804107,0.3769230769230769
04-13,0.14045801526717555,53.696969696969695,35.74242424242424,0.301947174685649,10.196496475039204,5.805526732611945,0.4122137404580153
04-14,0.14,55.18181818181818,36.628787878787875,0.3963555347458441,10.108433620337333,6.823181527200812,0.3484848484848485
04-15,0.12312977099236641,55.86363636363637,37.56060606060606,0.26236816167499516,10.3258164028731,6.78374525095737,0.3969465648854962
04-16,0.21295454545454545,55.50757575757576,37.32575757575758,0.46577971833229875,10.891902035735038,6.78738863333063,0.4772727272727273
04-17,0.14633587786259544,56.196969696969695,37.128787878787875,0.3540147891453781,10.966597024106935,6.622198734317667,0.3969465648854962
04-18,0.09999999999999999,57.03030303030303,37.621212121212125,0.23628535551482924,11.149189128725117,6.43052157136977,0.3511450381679389
04-19,0.13076923076923078,58.18939393939394,38.59848484848485,0.28929911396423064,10.692890251001502,6.185256847289709,0.4307692307692308
04-20,0.08576923076923078,58.00757575757576,38.93181818181818,0.1900218893332036,11.84730858869404,7.538393517298739,0.38461538461538464
04-21,0.126,59.35606060606061,38.99242424242424,0.38842676122688724,10.62772736491032,7.015246440988708,0.35384615384615387
04-22,0.11590909090909092,58.89393939393939,39.378787878787875,0.30786622093542576,10.103478031459101,6.670580622988593,0.42424242424242425
04-23,0.1728030303030303,58.54545454545455,39.40909090909091,0.4247537488549333,11.082179930210106,6.194006639584304,0.4772727272727273
04-24,0.17778625954198474,56.78030303030303,39.21212121212121,0.3760795539333009,9.628452107364275,5.373145414868058,0.44274809160305345
04-25,0.0750381679389313,58.31818181818182,39.25757575757576,0.2018581910679701,10.013973581849891,5.493398136474365,0.37404580152671757
04-26,0.14122137404580154,58.053030303030305,40.015151515151516,0.28773925937520195,9.660112680849446,6.089641873280138,0.5038167938931297
04-27,0.12816793893129771,57.89393939393939,39.63636363636363,0.29973270535009783,10.911341236017593,5.8208269490319,0.42748091603053434
04-28,0.16954198473282445,57.99242424242424,39.333333333333336,0.4054339794408718,11.31404329837816,6.067894068158394,0.4122137404580153
04-29,0.102,60.166666666666664,40.45454545454545,0.25857510566819425,9.898081136165587,5.90298622365805,0.33076923076923076
04-30,0.11204545454545455,62.015151515151516,42.07575757575758,0.28325463589817396,10.437736036356455,5.419249282001755,0.38636363636363635
05-01,0.12198473282442748,62.14393939393939,42.52272727272727,0.30482635623815085,9.626722172295114,5.547113834645696,0.42748091603053434
05-02,0.08893939393939394,61.583333333333336,42.49242424242424,0.20150675769835405,10.217513528114411,6.36845303650631,0.3333333333333333
05-03,0.14458015267175572,62.36363636363637,43.34090909090909,0.32268884641873424,10.475178023062464,6.420184708116188,0.4351145038167939
05-04,0.11659090909090909,62.68181818181818,43.03787878787879,0.28536792788936455,10.374894964477557,6.257094053988848,0.4318181818181818
05-05,0.13234848484848483,62.515151515151516,43.265151515151516,0.3522444064936784,10.512431643575018,5.513148542085268,0.4090909090909091
05-06,0.09114503816793892,63.40151515151515,44.015151515151516,0.1886863136424051,9.73296895657704,5.408481956714337,0.4351145038167939
05-07,0.08053435114503818,64.3030303030303,44.54545454545455,0.2180307422822586,10.091141451061631,5.626224903257977,0.3435114503816794
05-08,0.11648854961832061,64.28787878787878,44.64393939393939,0.24407730069392783,10.326376442292986,6.278683889607107,0.35877862595419846
05-09,0.1521969696969697,64.66666666666667,44.81818181818182,0.3716649447227776,10.529976596587565,6.047923347865084,0.44696969696969696
05-10,0.1340909090909091,64.56818181818181,44.86259541984733,0.3022484558720355,11.511821459273996,6.794526483505364,0.4166666666666667
05-11,0.11628787878787879,65.42424242424242,45.053030303030305,0.2618997107251339,11.017765814530426,6.943957111437753,0.3333333333333333
05-12,0.09075757575757576,66.47727272727273,45.56060606060606,0.243171227996603,9.897540683885781,6.411175328715908,0.3409090909090909
05-13,0.09598484848484848,66.18181818181819,45.77272727272727,0.2452879904152701,10.016641254057737,5.618387083606401,0.4090909090909091
05-14,0.11893129770992367,64.99242424242425,45.030534351145036,0.3527371039094936,7.898686925488866,5.0686653246994835,0.3816793893129771
05-15,0.11757575757575757,65.99242424242425,46.04545454545455,0.2863354175022986,9.365762084406047,5.370066365410249,0.3712121212121212
05-16,0.1506818181818182,66.10606060606061,46.43181818181818,0.33565975407634535,9.622062415411254,5.779924696170991,0.48484848484848486
05-17,0.12863636363636363,67.40151515151516,47.15151515151515,0.33405163180770947,9.399415158422324,5.380889067100385,0.4393939393939394
05-18,0.11641221374045801,66.36363636363636,47.234848484848484,0.24956907076087426,9.97115896490475,5.588783544170008,0.4122137404580153
05-19,0.1483206106870229,66.46212121212122,47.75,0.3199162214170735,10.748623418362726,6.070042820880939,0.45038167938931295
05-20,0.11356060606060606,67.32575757575758,47.46969696969697,0.25631901811406455,10.839210847110138,5.3566529853241,0.38636363636363635
05-21,0.09709923664122137,68.15151515151516,48.09848484848485,0.26042417632546605,10.213361140114195,6.061843934420027,0.3969465648854962
05-22,0.10725190839694657,69.4469696969697,48.77272727272727,0.38198480323198214,10.12691553376853,6.246331331319573,0.3053435114503817
05-23,0.08871212121212121,68.85606060606061,48.71212121212121,0.175835650637636,10.512175838106053,5.866882474528381,0.3939393939393939
05-24,0.12568181818181817,68.3030303030303,48.583333333333336,0.26554047773503936,10.245788107962866,6.124711137188013,0.4393939393939394
05-25,0.1712878787878788,67.27272727272727,48.85606060606061,0.43302487509076715,10.525933737907675,5.714762690347331,0.4393939393939394
05-26,0.11136363636363636,68.59848484848484,49.265151515151516,0.329850238345062,10.18669979181794,6.321971680659952,0.4090909090909091
05-27,0.12575757575757576,69.75757575757575,50.06818181818182,0.297159892735488,10.570823458085144,6.082377475375013,0.4166666666666667
05-28,0.09977272727272728,70.62121212121212,50.40151515151515,0.2804153568909725,9.850431309989883,6.324386158530439,0.3939393939393939
05-29,0.1400763358778626,70.65151515151516,51.128787878787875,0.3326293760633855,9.900254332830572,6.534004188343245,0.4198473282442748
05-30,0.09427480916030534,70.54545454545455,51.38636363636363,0.21218653090854228,9.128734631646239,6.554117320546836,0.3816793893129771
05-31,0.14500000000000002,72.38636363636364,51.84848484848485,0.49947071222085915,8.935432280236817,6.589935477316034,0.3560606060606061
06-01,0.10227272727272728,73.10606060606061,52.56060606060606,0.28084548170485474,8.87853365906951,6.344147481220345,0.36363636363636365
06-02,0.14022727272727273,72.47727272727273,52.68181818181818,0.3773986207515562,9.822443461717652,6.264303549402455,0.3787878787878788
06-03,0.1112121212121212,73.12121212121212,52.45454545454545,0.24094923700602733,8.884354807841012,5.849725819063954,0.4166666666666667
06-04,0.10833333333333334,71.6590909090909,52.65151515151515,0.2638475348160349,8.772640976444674,5.959129052205312,0.4393939393939394
06-05,0.16748091603053436,71.61363636363636,53.28787878787879,0.41493900109895737,10.28498329276271,5.931582314067153,0.3893129770992366
06-06,0.18446969696969695,71.86363636363636,53.15909090909091,0.4746027899570565,9.838988286033958,6.358056193252616,0.4393939393939394
06-07,0.16778625954198473,71.5530303030303,52.67424242424242,0.4310778799462787,9.425735757168255,5.712576472665291,0.46564885496183206
06-08,0.14274809160305343,71.76515151515152,52.53030303030303,0.46928432161703504,10.461021689396699,6.478902218221327,0.46564885496183206
06-09,0.1131060606060606,72.97727272727273,53.71212121212121,0.26830577456565985,10.199884679104796,6.760381107453921,0.4166666666666667
06-10,0.1281060606060606,73.15151515151516,53.84090909090909,0.34780035638555623,10.15564735796348,6.181515841486025,0.36363636363636365
06-11,0.10696969696969696,73.65151515151516,54.00757575757576,0.3203431828522459,9.340860617529016,6.17492616653478,0.3409090909090909
06-12,0.14984848484848487,73.79545454545455,54.666666666666664,0.31031868585629835,8.582548097906583,5.927895841646912,0.45454545454545453
06-13,0.1750381679389313,72.96969696969697,55.02272727272727,0.6113206058586501,9.343274834890396,5.966146107449412,0.40458015267175573
06-14,0.11847328244274809,73.5530303030303,54.84848484848485,0.31176537845591207,9.162081161241783,5.877223273960453,0.33587786259541985
06-15,0.12356060606060608,74.03030303030303,54.79545454545455,0.30074749769128384,9.160935478365154,6.030126195131891,0.3712121212121212
06-16,0.0982442748091603,73.87121212121212,55.22727272727273,0.27732646941834993,8.753106583118043,5.7153748838074145,0.3435114503816794
06-17,0.15204545454545454,74.3409090909091,55.916666666666664,0.3522051333149185,8.254380789658303,5.735974153628499,0.3560606060606061
06-18,0.16106060606060607,75.64393939393939,56.04545454545455,0.4806329439741077,7.994399352292363,5.48956489100681,0.3712121212121212
06-19,0.13083333333333333,75.79545454545455,56.878787878787875,0.41545347553100176,8.668393616086798,5.998766161979606,0.38636363636363635
06-20,0.10477272727272727,76.10606060606061,57.03030303030303,0.3198889738431107,8.853564922878645,5.5491411809759335,0.3712121212121212
06-21,0.11015151515151515,76.53787878787878,57.61363636363637,0.23436444786948318,8.666338585224162,6.287814129190504,0.3712121212121212
06-22,0.12734848484848485,77.45454545454545,58.265151515151516,0.3096658130940732,7.4396950979586425,5.423809326520956,0.3409090909090909
06-23,0.10143939393939394,76.21212121212122,58.04545454545455,0.236243284409605,7.650804780330119,5.406899234662689,0.4015151515151515
06-24,0.11587786259541985,77.66666666666667,57.78030303030303,0.3885770297439454,7.94029886439923,5.5469053251428075,0.3511450381679389
06-25,0.07886363636363636,77.25757575757575,58.93181818181818,0.16675459743835727,8.541431322677626,5.470522229446928,0.3939393939393939
06-26,0.11212121212121212,77.89393939393939,59.121212121212125,0.26128873299352046,8.087552943071586,5.847985629610147,0.36363636363636365
06-27,0.08633587786259542,77.99242424242425,59.31818181818182,0.26343939926953336,8.498312551065123,5.504083399945897,0.37404580152671757
06-28,0.12249999999999998,78.39393939393939,59.35606060606061,0.311181876569545,8.308698261789221,5.8715676356587805,0.3939393939393939
06-29,0.12272727272727273,78.00757575757575,59.78787878787879,0.35406061263357075,7.658250265669149,5.597205277323064,0.45454545454545453
06-30,0.13389312977099235,77.90151515151516,59.53787878787879,0.4148559945128021,7.6116221385406,5.404839933129635,0.32061068702290074
07-01,0.11169230769230769,79.16030534351145,59.89312977099237,0.44781664724837195,7.299965009287193,5.7649496740707455,0.3153846153846154
07-02,0.12400000000000001,79.6590909090909,60.59090909090909,0.3017638072215374,7.10427196011495,5.453417648845643,0.35384615384615387
07-03,0.11244274809160305,78.80916030534351,60.44274809160305,0.25489995504436763,7.792614357214032,5.531949587266143,0.35877862595419846
07-04,0.10007692307692308,79.48091603053435,60.70454545454545,0.3104347942464427,8.403617485746308,5.656501543840976,0.2923076923076923
07-05,0.12114503816793892,79.22137404580153,60.515151515151516,0.33068376997547194,7.536873537008546,5.705875970221831,0.37404580152671757
07-06,0.1078030303030303,79.1145038167939,60.60606060606061,0.2456439252373531,7.3606450609608105,5.36849386210359,0.4166666666666667
07-07,0.11900763358778625,80.47727272727273,60.40909090909091,0.32346883088895084,7.445953775018248,5.471584536053876,0.33587786259541985
07-08,0.08068702290076336,81.15151515151516,61.54545454545455,0.24367756387897463,7.108198522580101,4.795614466616548,0.3435114503816794
07-09,0.11901515151515152,80.87121212121212,61.96212121212121,0.4021789124646823,7.304087847425262,5.297853955595019,0.3106060606060606
07-10,0.15717557251908396,80.46212121212122,61.53030303030303,0.41388826959265285,7.095214281127744,5.101173931556416,0.3435114503816794
07-11,0.0876923076923077,79.71969696969697,61.18939393939394,0.25833857497519547,6.438569840178872,4.886705091653006,0.27692307692307694
07-12,0.10450381679389313,79.78030303030303,61.47727272727273,0.2529737406270826,6.986698806504771,4.888787465914643,0.3282442748091603
07-13,0.14174242424242425,80.58333333333333,62.40909090909091,0.4537721394293864,7.2428344865453855,4.7243959110659715,0.4015151515151515
07-14,0.1529230769230769,80.3409090909091,62.25,0.378234261837381,6.814700707450803,4.282709779267691,0.4461538461538462
07-15,0.075,79.8030303030303,61.97709923664122,0.22293062152944332,6.827693265468143,4.669814110704824,0.3
07-16,0.07213740458015266,81.22727272727273,62.27272727272727,0.1788467656686446,6.951951682791045,5.040433322416217,0.3282442748091603
07-17,0.07694656488549619,81.71969696969697,62.86363636363637,0.26761882516793,6.722770232733539,5.369937135931709,0.2824427480916031
07-18,0.11340909090909092,82.73484848484848,64.03787878787878,0.2803319448547338,6.808010378985875,4.770144592732713,0.30303030303030304
07-19,0.15068702290076338,81.70454545454545,63.40151515151515,0.3187600757736491,6.593703492424397,4.39788264197592,0.4198473282442748
07-20,0.09846153846153846,80.66666666666667,62.95454545454545,0.2818830961668179,7.364725775657645,5.0521911750916395,0.3076923076923077
07-21,0.1306153846153846,80.6590909090909,62.53787878787879,0.2895914091571138,7.661572143944302,5.077123220775317,0.36153846153846153
07-22,0.14295454545454547,80.31060606060606,62.68939393939394,0.38497097865509555,6.890786608791615,5.069189338140485,0.30303030303030304
07-23,0.18183206106870228,80.38636363636364,62.803030303030305,0.3877187750195268,7.469681954941624,5.179877970119976,0.4732824427480916
07-24,0.15092307692307694,80.28787878787878,62.40151515151515,0.3824755069502042,7.389419197528211,5.085317659896846,0.38461538461538464
07-25,0.1315909090909091,79.40151515151516,62.03030303030303,0.3620801428418695,7.555251799103738,5.044745424302529,0.36363636363636365
07-26,0.11015151515151514,79.91666666666667,61.79545454545455,0.3315887843490544,6.825012000287709,5.0383849289801805,0.29545454545454547
07-27,0.12757575757575756,80.39393939393939,62.29545454545455,0.46718438946412116,7.157718916519555,4.832679209447857,0.3181818181818182
07-28,0.15635658914728684,81.1590909090909,62.68181818181818,0.41266083603944675,7.232063409012519,4.8838699800421566,0.35658914728682173
07-29,0.1650381679389313,80.17424242424242,62.93939393939394,0.3516649936555693,6.959529917573909,4.492160390435552,0.45038167938931295
07-30,0.14473282442748092,80.43181818181819,62.65151515151515,0.3500556620448433,7.161381995734287,4.840958911514823,0.3816793893129771
07-31,0.10190839694656488,80.01515151515152,62.18181818181818,0.4054420465156455,6.859533788360676,5.070221673065002,0.2900763358778626
08-01,0.11045801526717558,79.6412213740458,61.94656488549618,0.36887742928933376,6.992379040828406,5.525205150523635,0.32061068702290074
08-02,0.0813076923076923,80.14503816793894,61.93129770992366,0.24443381330670375,7.263313650864852,5.392574438264663,0.3
08-03,0.09465648854961832,80.58778625954199,62.595419847328245,0.23424608266956437,7.128351011179157,5.41192220359429,0.3969465648854962
08-04,0.12161538461538463,80.41984732824427,62.63358778625954,0.29055361176875155,6.915928324664493,5.342436935836318,0.35384615384615387
08-05,0.16221374045801526,79.67692307692307,61.93129770992366,0.42254410798680275,7.157383984244036,5.463432057000088,0.37404580152671757
08-06,0.10192307692307692,78.92366412213741,61.42748091603053,0.25571027741362934,7.543329524625542,5.115632954823784,0.3
08-07,0.1906923076923077,79.55725190839695,61.61068702290076,0.5412849891464324,6.639231078444034,5.04681547586651,0.4
08-08,0.14915384615384616,80.30534351145039,62.25954198473283,0.4028311332113213,6.1605358530307095,5.016262455192867,0.3769230769230769
08-09,0.141,79.9618320610687,62.06870229007634,0.38059490356566134,6.668415311869797,4.902418303865108,0.3384615384615385
08-10,0.15877862595419848,79.93129770992367,62.30534351145038,0.4027387450573947,7.329803061363882,5.032040616460441,0.3969465648854962
08-11,0.17723076923076922,78.70229007633588,62.083969465648856,0.43195071385628475,7.5962487265234095,5.157575709484106,0.46153846153846156
08-12,0.12541984732824427,78.08396946564885,61.29007633587786,0.31049404686968635,7.307570540135787,5.1118091778793024,0.37404580152671757
08-13,0.1346153846153846,78.59541984732824,61.29770992366412,0.3543881152008168,7.245984167326171,5.563195894570164,0.3230769230769231
08-14,0.09338461538461539,79.26717557251908,61.55725190839695,0.3104349383111855,7.042534975725846,5.957749065575159,0.3384615384615385
08-15,0.126793893129771,79.47328244274809,61.465648854961835,0.3549827020175067,7.196503685577849,5.509848120095318,0.2824427480916031
08-16,0.10534351145038168,78.6030534351145,61.06870229007634,0.29203344832115397,7.871740487155473,5.283051041112012,0.26717557251908397
08-17,0.1396923076923077,78.90076335877863,60.93129770992366,0.3667391157350647,7.308430286932669,5.550039278717082,0.3923076923076923
08-18,0.15269230769230768,77.83969465648855,60.44274809160305,0.48342093051956353,6.894609704905076,5.202307631964152,0.36923076923076925
08-19,0.1783206106870229,77.09160305343511,59.51145038167939,0.7671457114342307,6.843807286860358,5.351299500284941,0.366412213740458
08-20,0.1364885496183206,77.68702290076335,59.50381679389313,0.3948006773903511,6.163270821775435,5.331148015782093,0.33587786259541985
08-21,0.10007692307692308,77.10687022900764,59.343511450381676,0.3359205705161348,7.2919891856084025,5.6863818324219695,0.24615384615384617
08-22,0.12146153846153845,77.1145038167939,59.465648854961835,0.32794665745689444,6.914467799058438,5.883873279401619,0.3076923076923077
08-23,0.11198473282442747,76.70992366412214,59.06870229007634,0.30305729300256656,7.044352401985495,4.729922490330385,0.31297709923664124
08-24,0.1590769230769231,76.5114503816794,58.88549618320611,0.41018136686945356,6.869516176238031,5.004061767702846,0.38461538461538464
08-25,0.11068702290076336,76.69465648854961,59.00763358778626,0.34627510370467596,7.511932179765729,6.1224632840638025,0.2595419847328244
08-26,0.11763358778625954,77.44274809160305,59.41984732824427,0.5641465058776415,7.761007374485809,5.721691786490161,0.22900763358778625
08-27,0.12396946564885496,77.12977099236642,59.732824427480914,0.36006982098415075,7.938607654092346,5.828081129630282,0.2748091603053435
08-28,0.10338461538461538,77.17557251908397,59.33587786259542,0.2802865473023779,7.529920743305991,6.191322323061901,0.2846153846153846
08-29,0.1853076923076923,76.21374045801527,59.14503816793893,0.4268547098852517,7.891580356096941,6.009124008096844,0.3923076923076923
08-30,0.12284615384615384,75.99236641221374,58.70229007633588,0.38150301413133547,8.020642774171106,5.919582439131159,0.3384615384615385
08-31,0.09442748091603052,76.81679389312977,59.045801526717554,0.30081468945654255,7.167020115369867,6.387322293683188,0.3053435114503817
09-01,0.07603053435114504,76.50381679389314,58.778625954198475,0.22298216344436084,6.946359362784693,6.350396809329051,0.2748091603053435
09-02,0.13884615384615384,75.79389312977099,58.0,0.503521913359443,7.735748740303441,6.347622207748954,0.3076923076923077
09-03,0.13376923076923078,74.90839694656489,58.12213740458015,0.4674377882324242,7.717562769602839,5.842842960229022,0.3384615384615385
09-04,0.15984615384615386,74.98473282442748,57.88549618320611,0.49258373484901596,7.211086264937884,5.292434689650513,0.27692307692307694
09-05,0.06376923076923076,75.7557251908397,57.534351145038165,0.2180543470576121,6.79036829527217,5.909962527440314,0.2
09-06,0.11946153846153845,74.25954198473282,57.00763358778626,0.3043032747200838,7.248965747194076,6.477768114222091,0.34615384615384615
09-07,0.1367175572519084,74.54198473282443,56.49230769230769,0.3415022080074843,7.35188049411612,5.944505839179013,0.2900763358778626
09-08,0.05603053435114504,73.61068702290076,56.38167938931298,0.14589606094388924,7.639545414470247,5.63568030876237,0.2595419847328244
09-09,0.13092307692307692,73.81538461538462,55.62307692307692,0.33254817487187355,7.726712564876902,6.26824825573999,0.2846153846153846
09-10,0.1150381679389313,73.7557251908397,55.96923076923077,0.5288119835221379,8.122231223437065,6.65767431695737,0.2900763358778626
09-11,0.1781679389312977,72.77099236641222,55.404580152671755,0.7041905353248535,7.809821120276092,6.854284034825564,0.2900763358778626
09-12,0.1166412213740458,72.24615384615385,54.465648854961835,0.3667604766203748,6.988430681276062,6.247827573120195,0.2900763358778626
09-13,0.14900000000000002,72.45801526717557,54.847328244274806,0.44175276329183166,7.224168349244546,5.908889369081324,0.3384615384615385
09-14,0.11778625954198473,71.32824427480917,54.35114503816794,0.364244824843308,7.98406369260436,6.633161056530969,0.3435114503816794
09-15,0.14946153846153845,70.77099236641222,53.6793893129771,0.5093654838950723,8.296954849633956,7.293060110683219,0.3384615384615385
09-16,0.1948854961832061,70.46564885496183,53.43511450381679,0.602861594541099,8.212839581948836,6.930533597662339,0.37404580152671757
09-17,0.16915384615384618,69.68702290076335,53.20610687022901,0.5332204841104804,7.7211836173813175,6.397977513668986,0.3769230769230769
09-18,0.16045801526717557,70.06106870229007,52.969465648854964,0.5063517515528568,7.466598159795336,5.90428648890293,0.35877862595419846
09-19,0.19404580152671758,69.27692307692308,52.13740458015267,0.5225702435314749,7.456348821371957,6.730828453728213,0.35877862595419846
09-20,0.20138461538461538,69.19083969465649,52.2442748091603,0.5532634034164273,7.55606175791921,6.769946713860782,0.36923076923076925
09-21,0.12153846153846154,69.46564885496183,52.48091603053435,0.5288549302681524,8.340169441115565,7.169756078930193,0.3230769230769231
09-22,0.10692307692307693,70.23076923076923,53.146153846153844,0.2234120403501228,8.174016747676376,7.300962598169423,0.4076923076923077
09-23,0.16384615384615386,68.82442748091603,51.86259541984733,0.431556376827456,8.51196525805386,7.677903719093588,0.3153846153846154
09-24,0.07307692307692308,67.61832061068702,50.25954198473283,0.21833707726423518,8.004285405347828,7.193573826964798,0.24615384615384617
09-25,0.0926923076923077,67.82442748091603,50.00763358778626,0.35701559790809145,7.672609541068835,7.009330246953923,0.23076923076923078
09-26,0.10717557251908397,68.20769230769231,50.16793893129771,0.3007305842806565,7.5643965660499,6.94500669740578,0.3053435114503817
09-27,0.12343511450381678,67.52671755725191,50.52671755725191,0.3402573030751116,7.7641466362275295,7.140704817910869,0.3511450381679389
09-28,0.11184615384615386,68.1145038167939,50.465648854961835,0.2894469053757598,7.424119964811212,6.928533766438017,0.2923076923076923
09-29,0.17884615384615385,66.79389312977099,49.39230769230769,0.49152449861327396,7.616497839711968,7.233102365311314,0.34615384615384615
09-30,0.12038167938931298,65.28682170542636,48.11538461538461,0.29426153877160854,8.097254355692133,7.333299452407232,0.37404580152671757
10-01,0.1640769230769231,63.84615384615385,47.51145038167939,0.3750073821575113,8.309387181073289,7.032196737658473,0.35384615384615387
10-02,0.13107692307692306,64.5,47.52671755725191,0.32883691241587115,8.060094061428174,6.684457568781718,0.35384615384615387
10-03,0.129,64.76153846153846,47.732824427480914,0.30645219159998527,7.727735055477546,7.200239768957394,0.33076923076923076
10-04,0.08015384615384616,64.73846153846154,47.954198473282446,0.22341599054242664,8.27582061895459,7.270448716889538,0.25384615384615383
10-05,0.12184615384615384,65.18320610687023,47.48854961832061,0.374117638124207,8.505926917081506,7.18049324662497,0.3153846153846154
10-06,0.13122137404580153,64.51908396946565,47.48091603053435,0.40985930588015074,9.112418529793592,7.581709919818844,0.3282442748091603
10-07,0.10384615384615385,63.83206106870229,46.38167938931298,0.2968631470658957,8.70380347607229,7.438422098254623,0.3153846153846154
10-08,0.10515384615384615,64.0,45.6412213740458,0.28837216106910546,8.37946207195812,7.758934009147706,0.3230769230769231
10-09,0.15221374045801528,63.11538461538461,45.80916030534351,0.46386053951316,7.970521867680456,7.263305566408972,0.35877862595419846
10-10,0.12892307692307695,61.534351145038165,44.969465648854964,0.3266799067571056,8.999399732053641,8.109765178519908,0.3230769230769231
10-11,0.061615384615384614,62.1,45.12213740458015,0.2135880402182424,8.314412628943856,7.420369989493432,0.2923076923076923
10-12,0.1522480620155039,62.792307692307695,45.465648854961835,0.3304406156701929,8.053788317380876,7.006917142722574,0.34108527131782945
10-13,0.13984615384615384,61.146153846153844,44.40769230769231,0.5996717249447993,9.000526718834735,8.023894696850272,0.3
10-14,0.14884615384615385,61.84615384615385,44.38461538461539,0.40496460677080215,7.934285857540748,7.662841595895905,0.3076923076923077
10-15,0.204,62.36641221374046,44.74809160305343,0.6347893503988901,8.852818853007069,7.597918248745592,0.3769230769230769
10-16,0.11323076923076922,62.46153846153846,44.48461538461538,0.3650999977379361,8.773775093865467,7.802041688051087,0.2692307692307692
10-17,0.12930232558139534,61.57251908396947,43.98461538461538,0.3777114185428797,8.641608232046364,7.0874762516968,0.29457364341085274
10-18,0.13153846153846155,59.96923076923077,42.97692307692308,0.40947018431453114,8.438503910107903,8.17774004964809,0.3384615384615385
10-19,0.11753846153846154,60.229007633587784,42.83969465648855,0.3864749488726818,9.084699635605576,8.407704153740033,0.3153846153846154
10-20,0.2181679389312977,59.14728682170543,42.84615384615385,0.7224422271569994,9.205213175826136,8.593725436350214,0.31297709923664124
10-21,0.08953488372093024,59.10077519379845,41.6412213740458,0.2951505454454458,8.684437374947203,7.52847793615894,0.32558139534883723
10-22,0.07100000000000001,59.84615384615385,41.97692307692308,0.24578571999821056,8.702188567689209,7.854752557908809,0.2230769230769231
10-23,0.17297709923664123,59.33846153846154,42.10769230769231,0.5447097952212557,9.29245242298248,7.355055376712946,0.3435114503816794
10-24,0.1803076923076923,57.37404580152672,41.55725190839695,0.39983317928631074,8.29952350612102,7.167405179371736,0.3769230769230769
10-25,0.18215384615384614,57.276923076923076,40.93846153846154,0.41014080511923234,8.07716216246078,7.06202185309193,0.4076923076923077
10-26,0.14092307692307693,56.465648854961835,40.64885496183206,0.3357196277484762,8.357675155138873,7.63083185718623,0.3384615384615385
10-27,0.10045801526717557,57.45384615384615,40.8,0.3049712788379105,9.36189831878058,8.501162711174304,0.2748091603053435
10-28,0.16061068702290077,57.55384615384615,40.2442748091603,0.35593161773056015,8.76396917127523,8.166622127296748,0.37404580152671757
10-29,0.1346923076923077,55.09230769230769,38.656488549618324,0.38120410708464203,8.244750412350632,7.568935493049523,0.27692307692307694
10-30,0.15728682170542635,53.86259541984733,38.30534351145038,0.47480382781007663,9.129633372686504,7.8572779880243635,0.32558139534883723
10-31,0.17426356589147288,54.94656488549618,38.82442748091603,0.5184408343681179,8.937658424286477,8.05030426183769,0.34108527131782945
11-01,0.16969230769230767,56.2,39.12213740458015,0.4457063698865251,7.867507509917269,7.328577258044604,0.34615384615384615
11-02,0.13062015503875968,56.49230769230769,39.31297709923664,0.3171891981185689,8.998919964348309,7.915985744016442,0.35658914728682173
11-03,0.1822480620155039,54.61068702290076,39.29007633587786,0.41020238966209854,8.713890342951544,8.0340511379027,0.3953488372093023
11-04,0.14192307692307693,55.30534351145038,38.20610687022901,0.42849130707462557,8.526784162292541,7.026014908622329,0.3153846153846154
11-05,0.16623076923076924,53.48461538461538,37.64885496183206,0.5069643128956823,8.589911709922145,7.307450006799843,0.3230769230769231
11-06,0.11053846153846153,52.31297709923664,37.32824427480916,0.261431098837677,8.994086920318301,7.6725712750446355,0.3923076923076923
11-07,0.14689922480620154,51.93129770992366,37.099236641221374,0.3678140631861694,8.737356438520974,7.8012375367699605,0.34108527131782945
11-08,0.12705426356589147,52.404580152671755,36.412213740458014,0.3375796274139795,8.916517624787243,7.735900553222501,0.3875968992248062
11-09,0.11684615384615384,51.17557251908397,35.62595419847328,0.27618675463299247,9.623273804073229,8.049210069090483,0.35384615384615387
11-10,0.16238461538461538,50.87786259541985,35.06870229007634,0.3849570676679742,8.57368325908583,7.908311926938894,0.3384615384615385
11-11,0.1196923076923077,49.70992366412214,34.31297709923664,0.2922591460801552,8.666903048705835,7.644086673285583,0.3384615384615385
11-12,0.13689922480620156,49.70229007633588,34.61068702290076,0.42035661655018514,9.159017965907905,8.20278800547901,0.35658914728682173
11-13,0.1473076923076923,48.770992366412216,33.23664122137404,0.3687792315814383,8.321949554776753,7.785422335334063,0.4076923076923077
11-14,0.15053435114503816,48.56153846153846,33.33587786259542,0.35574691301347117,9.509688120933514,8.335845383756276,0.4122137404580153
11-15,0.1015267175572519,48.37404580152672,33.45038167938932,0.25934080127075665,9.87875410850719,9.153573274921333,0.3816793893129771
11-16,0.13496124031007753,49.06153846153846,34.29007633587786,0.3566820275798174,9.845121442594781,8.729691641058931,0.3488372093023256
11-17,0.1521875,48.94615384615385,33.16923076923077,0.35044614422190473,9.04108755417148,7.99819598025585,0.3984375
11-18,0.143,48.030534351145036,33.343511450381676,0.3635839047784617,9.042582111915493,7.435642843624539,0.3230769230769231
11-19,0.10022900763358779,47.969465648854964,32.30534351145038,0.28855732838981774,9.676250808669256,8.160781570574636,0.32061068702290074
11-20,0.15846153846153846,47.587786259541986,32.20610687022901,0.4011735914130282,10.023718202349738,8.668881178145114,0.36923076923076925
11-21,0.11930769230769231,47.274809160305345,31.33587786259542,0.3710893004825358,9.34801783606022,7.973620630190433,0.36153846153846153
11-22,0.10906976744186046,46.45038167938932,32.213740458015266,0.24487063504425507,9.459398045946779,8.690408181603958,0.3333333333333333
11-23,0.15091603053435115,46.267175572519086,31.19083969465649,0.36622492118217637,9.354410253565643,8.770680618986098,0.3816793893129771
11-24,0.16684615384615387,44.786259541984734,30.603053435114504,0.4001473267743111,8.76005587757713,8.056224912177182,0.45384615384615384
11-25,0.1992307692307692,43.82442748091603,29.49618320610687,0.4952387496965015,8.767493208990842,7.844031582921481,0.38461538461538464
11-26,0.14861538461538462,44.961832061068705,29.72519083969466,0.3859966538918989,9.393454824547273,8.335331136530078,0.4076923076923077
11-27,0.16488372093023254,45.2442748091603,30.12213740458015,0.3625864471902481,10.309884430489646,9.11467363081967,0.3875968992248062
11-28,0.14162790697674418,44.784615384615385,29.916030534351144,0.33906072164896406,10.28130282772667,8.927949344992546,0.3953488372093023
11-29,0.190625,43.99230769230769,28.976923076923075,0.4072217179363781,9.557249899475563,8.103464073717918,0.3828125
11-30,0.15315384615384617,43.315384615384616,28.625954198473284,0.37559469045331345,9.376727429801116,8.641880028596514,0.34615384615384615
12-01,0.09792307692307693,42.41538461538462,27.946153846153845,0.24411427033810867,9.814389542859319,9.310585405671489,0.3230769230769231
12-02,0.11984496124031008,42.7578125,26.53125,0.336391662761124,9.804182052998938,8.760089795678262,0.3643410852713178
12-03,0.1606923076923077,42.263565891472865,27.03076923076923,0.3829449096362801,10.10454676420855,9.192125431385971,0.36153846153846153
12-04,0.143125,40.746153846153845,26.653846153846153,0.3497282409524359,9.930230672872508,10.028418177306854,0.3359375
12-05,0.16615384615384615,39.753846153846155,26.031007751937985,0.3843395313686707,9.677001856845338,9.785941753748178,0.43846153846153846
12-06,0.1834108527131783,41.33076923076923,26.5,0.376080726299286,10.381399930644042,9.72669147921239,0.4186046511627907
12-07,0.15161538461538462,41.325581395348834,26.46153846153846,0.4059495593330766,9.971179398880114,9.277090099571284,0.3076923076923077
12-08,0.114,39.54615384615385,25.053846153846155,0.32468852098421147,10.584551810559173,9.550609005673337,0.33076923076923076
12-09,0.13697674418604652,38.59230769230769,23.96153846153846,0.28551927652514436,10.168118707220444,9.91702306400452,0.4496124031007752
12-10,0.1499230769230769,38.3,24.2,0.40153483858204675,10.002829057186114,10.413467725859595,0.36923076923076925
12-11,0.1376153846153846,37.93798449612403,23.807692307692307,0.3619580768181336,10.673237514035176,10.137118953617215,0.45384615384615384
12-12,0.2127906976744186,37.815384615384616,24.084615384615386,0.5339299707478414,11.145120679795413,10.801977004940595,0.4496124031007752
12-13,0.0996923076923077,38.853846153846156,23.93076923076923,0.2096950109439619,11.138390583129569,10.014089656666705,0.4153846153846154
12-14,0.197,37.16153846153846,22.723076923076924,0.37570120488073655,9.856178046119288,9.822467036147668,0.4846153846153846
12-15,0.19415384615384618,36.7,22.2,0.4046891516722638,9.960892522508276,9.63794181766108,0.36923076923076925
12-16,0.10476923076923077,36.246153846153845,22.1,0.23007991663368482,10.371443754730738,9.838108156196661,0.4076923076923077
12-17,0.16846153846153844,36.96124031007752,22.246153846153845,0.43889654011833734,10.396365877055906,10.446661525598092,0.4
12-18,0.15423076923076923,36.723076923076924,21.50769230769231,0.35374160714752034,10.07800228190275,9.505809039002777,0.36923076923076925
12-19,0.12217054263565891,34.93846153846154,20.384615384615383,0.3219034240855237,9.345855812637078,9.4009603792631,0.3023255813953488
12-20,0.10945736434108526,35.323076923076925,20.646153846153847,0.2719498749698628,9.491093650165272,9.762975098137122,0.34108527131782945
12-21,0.16792307692307692,36.253846153846155,21.66923076923077,0.397637784912927,10.914261730572285,10.598660483988525,0.36923076923076925
12-22,0.12215384615384615,36.63076923076923,22.753846153846155,0.29838060241882536,10.191300790713514,11.172406164789729,0.3076923076923077
12-23,0.1589922480620155,37.146153846153844,22.546153846153846,0.32717981715249184,9.564235332504506,9.646553417898273,0.40310077519379844
12-24,0.17635658914728683,37.676923076923075,23.392307692307693,0.3531154600138249,10.150201727567595,10.478842584946843,0.4806201550387597
12-25,0.09200000000000001,37.52307692307692,22.775193798449614,0.19817930961553457,10.543534985669512,11.288296144456933,0.4230769230769231
12-26,0.19753846153846152,35.86153846153846,20.376923076923077,0.4946380111507144,10.869738838674545,10.050465980647141,0.3769230769230769
12-27,0.16230769230769232,34.34615384615385,19.8,0.4273726084484097,10.238785915840387,10.567171631002772,0.36923076923076925
12-28,0.13565891472868216,35.88461538461539,20.823076923076922,0.3228966672976635,9.723809678162452,9.67171644467956,0.3875968992248062
12-29,0.13976923076923076,36.0,21.146153846153847,0.29246735823859493,10.630510426973133,11.027879777148858,0.3923076923076923
12-30,0.13423076923076924,35.52307692307692,20.76153846153846,0.2903963220361389,10.917034115088493,11.363482820017586,0.3923076923076923
12-31,0.09666666666666668,35.61538461538461,20.146153846153847,0.20937531094504278,10.354480448327685,10.313016941019745,0.40310077519379844
